"matricula","turma","data.hora","status","nota","turma.pratica","timestamp","classe","timestampAula"
"10E8A59E",1,"10/28/2011 8:21:00","...........",10,2,1319797260,"realizado em horario de aula",1321524000
"10E8A59E",2,"9/16/2011 12:43:58","...",10,2,1316187838,"realizado em horario de aula",1321524000
"10E8A59E",1,"9/16/2011 12:45:56","...",10,2,1316187956,"realizado em horario de aula",1321524000
"10E8A59E",1,"8/17/2011 12:56:46","SS",0,2,1313596606,"realizado em horario de aula",1321524000
"10E8A59E",1,"10/26/2011 14:52:55","..........",10,2,1319647975,"realizado em horario de aula",1321524000
"10E8A59E",1,"9/15/2011 18:30:08","ffff",0,2,1316122208,"realizado em horario de aula",1321524000
"10E8A59E",3,"9/9/2011 14:12:58","...",10,2,1315588378,"realizado em horario de aula",1321524000
"10E8A59E",3,"11/11/2011 12:43:49","***",7,2,1321022629,"realizado em horario de aula",1321524000
"10E8A59E",1,"8/11/2011 19:50:10","f",0,2,1313103010,"realizado em horario de aula",1321524000
"10E8A59E",1,"9/8/2011 9:18:45",".f..",7.5,2,1315484325,"realizado em horario de aula",1321524000
"13085463",1,"11/13/2011 23:45:36","......",10,1,1321235136,"realizado em horario de aula",1321524000
"13085463",1,"11/13/2011 22:30:47","....",10,1,1321230647,"realizado em horario de aula",1321524000
"13085463",1,"8/28/2011 18:26:39",".",10,1,1314566799,"realizado em horario de aula",1321524000
"14A1B78B",1,"8/10/2011 12:59:45","f",0,1,1312991985,"realizado em horario de aula",1321524000
"15EA15E5",2,"9/16/2011 23:57:00","VVV",0,2,1316228220,"realizado em horario de aula",1321524000
"15EA15E5",1,"9/26/2011 11:29:47","...",10,2,1317047387,"realizado em horario de aula",1321524000
"1706D43",1,"10/21/2011 11:12:35","...",10,5,1319202755,"realizado em horario de aula",1322222400
"1706D43",2,"9/15/2011 11:20:23","...",10,5,1316096423,"realizado em horario de aula",1322222400
"1706D43",1,"9/21/2011 9:40:15","...",10,5,1316608815,"realizado em horario de aula",1322222400
"189E4323",1,"10/15/2011 21:43:58","....",10,1,1318725838,"realizado em horario de aula",1321524000
"189E4323",1,"9/9/2011 21:23:37","....",10,1,1315614217,"realizado em horario de aula",1321524000
"189E4323",1,"9/29/2011 10:00:20","...",10,1,1317301220,"realizado em horario de aula",1321524000
"189E4323",1,"8/29/2011 10:19:37","f",0,1,1314623977,"realizado em horario de aula",1321524000
"19449717",1,"9/16/2011 16:12:17","........",10,1,1316200337,"realizado em horario de aula",1321524000
"19449717",2,"10/27/2011 23:24:30",".....",10,1,1319765070,"realizado em horario de aula",1321524000
"19449717",1,"8/26/2011 17:02:57","...*",9.2,1,1314388977,"realizado em horario de aula",1321524000
"1A25F6BF",1,"10/29/2011 10:53:30","ffffff",0,2,1319892810,"realizado em horario de aula",1321524000
"1A25F6BF",1,"11/7/2011 10:54:03","fffXX",0,2,1320670443,"realizado em horario de aula",1321524000
"1A25F6BF",1,"9/16/2011 14:47:14","...",10,2,1316195234,"realizado em horario de aula",1321524000
"1B81A33E",1,"9/30/2011 17:05:50","...F..........",9.3,1,1317413150,"realizado em horario de aula",1321524000
"1B81A33E",1,"8/8/2011 13:02:23","f",0,1,1312819343,"realizado em horario de aula",1321524000
"1C897F15",1,"11/23/2011 9:07:58",".",10,5,1322046478,"realizado em horario de aula",1322222400
"1CCD2085",1,"9/21/2011 9:13:33","....",10,5,1316607213,"realizado em horario de aula",1322222400
"1CCD2085",1,"11/19/2011 17:40:03","ImportError",0,5,1321731603,"realizado em horario de aula",1322222400
"1CCD2085",1,"10/29/2011 16:27:56",".....F.FF.",7,5,1319912876,"realizado em horario de aula",1322222400
"1CCD2085",3,"10/22/2011 0:04:09",".",10,5,1319249049,"realizado em horario de aula",1322222400
"1CCD2085",1,"9/2/2011 16:30:32",".",10,5,1314991832,"realizado em horario de aula",1322222400
"1DF2A12E",1,"9/30/2011 19:12:18","ImportError",0,1,1317420738,"realizado em horario de aula",1321524000
"1DF2A12E",1,"8/8/2011 18:29:14",".",10,1,1312838954,"realizado em horario de aula",1321524000
"1DF2A12E",1,"10/20/2011 8:44:33","....",10,1,1319107473,"realizado em horario de aula",1321524000
"1DF2A12E",1,"8/27/2011 1:14:07","ffff",0,1,1314418447,"realizado em horario de aula",1321524000
"1DF2A12E",1,"9/5/2011 11:23:54",".f.",6.7,1,1315232634,"realizado em horario de aula",1321524000
"1DF2A12E",2,"8/29/2011 11:25:01","...",10,1,1314627901,"realizado em horario de aula",1321524000
"1DF2A12E",1,"10/20/2011 11:35:03","........",10,1,1319117703,"realizado em horario de aula",1321524000
"1DF2A12E",3,"8/29/2011 10:25:11","....",10,1,1314624311,"realizado em horario de aula",1321524000
"1DF2A12E",3,"8/26/2011 10:37:36",".",10,1,1314365856,"realizado em horario de aula",1321524000
"1DF2A12E",1,"10/22/2011 15:20:11","......",10,1,1319304011,"realizado em horario de aula",1321524000
"1DF2A12E",3,"10/24/2011 11:21:47","..*",9,1,1319462507,"realizado em horario de aula",1321524000
"1DF2A12E",2,"8/18/2011 8:26:11",".",10,1,1313666771,"realizado em horario de aula",1321524000
"1DF2A12E",1,"9/13/2011 21:11:29",".....",10,1,1315959089,"realizado em horario de aula",1321524000
"1DF2A12E",1,"9/29/2011 8:27:17","...",10,1,1317295637,"realizado em horario de aula",1321524000
"1DF2A12E",1,"8/25/2011 8:56:41",".",10,1,1314273401,"realizado em horario de aula",1321524000
"1DF2A12E",2,"8/18/2011 12:46:38",".",10,1,1313682398,"realizado em horario de aula",1321524000
"210B0D56",1,"9/30/2011 9:39:57","...",10,3,1317386397,"realizado em horario de aula",1322236800
"210B0D56",2,"9/16/2011 14:50:37","SSSSSS",0,3,1316195437,"realizado em horario de aula",1322236800
"210B0D56",2,"10/6/2011 22:53:13","...",10,3,1317952393,"realizado em horario de aula",1322236800
"21C00083",1,"9/14/2011 10:37:26","...",10,5,1316007446,"realizado em horario de aula",1322222400
"21C00083",1,"9/16/2011 11:47:48","f.f",3.3,5,1316184468,"realizado em horario de aula",1322222400
"21C00083",4,"8/30/2011 21:52:26","ff",0,5,1314751946,"realizado em horario de aula",1322222400
"22EB47AA",1,"9/9/2011 12:11:30","...",10,1,1315581090,"realizado em horario de aula",1321524000
"22EB47AA",1,"9/28/2011 15:19:58",".FF...",6.7,1,1317233998,"realizado em horario de aula",1321524000
"22EB47AA",2,"8/29/2011 19:55:51","f",0,1,1314658551,"realizado em horario de aula",1321524000
"22EB47AA",1,"9/13/2011 21:07:10","..",10,1,1315958830,"realizado em horario de aula",1321524000
"22EB47AA",2,"10/24/2011 10:26:27","......",10,1,1319459187,"realizado em horario de aula",1321524000
"22EB47AA",1,"9/28/2011 13:37:40",".F..",7.5,1,1317227860,"realizado em horario de aula",1321524000
"22EB47AA",1,"9/16/2011 11:50:12",".....",10,1,1316184612,"realizado em horario de aula",1321524000
"22EB47AA",1,"9/16/2011 11:13:58","...f.",8,1,1316182438,"realizado em horario de aula",1321524000
"22EB47AA",2,"9/6/2011 19:59:31","ff",0,1,1315349971,"realizado em horario de aula",1321524000
"22EB47AA",1,"10/6/2011 8:28:24","........",10,1,1317900504,"realizado em horario de aula",1321524000
"22EB47AA",3,"10/2/2011 16:20:21","....",10,1,1317583221,"realizado em horario de aula",1321524000
"22EB47AA",3,"9/22/2011 9:52:37","..",10,1,1316695957,"realizado em horario de aula",1321524000
"22EB47AA",1,"9/12/2011 10:15:23","......",10,1,1315833323,"realizado em horario de aula",1321524000
"22EB47AA",1,"10/25/2011 18:59:25","...",10,1,1319576365,"realizado em horario de aula",1321524000
"22EB47AA",1,"9/16/2011 16:31:20",".E.",6.7,1,1316201480,"realizado em horario de aula",1321524000
"2556AF8C",1,"9/17/2011 3:55:36","***",7,2,1316242536,"realizado em horario de aula",1321524000
"2556AF8C",1,"8/9/2011 10:56:21","f",0,2,1312898181,"realizado em horario de aula",1321524000
"25762941",1,"8/29/2011 11:04:40","ff",0,1,1314626680,"realizado em horario de aula",1321524000
"25762941",1,"8/19/2011 19:18:47",".",10,1,1313792327,"realizado em horario de aula",1321524000
"25762941",2,"11/3/2011 8:32:34",".....f",8.3,1,1320316354,"realizado em horario de aula",1321524000
"25762941",1,"9/13/2011 11:38:14",".....",10,1,1315924694,"realizado em horario de aula",1321524000
"25762941",1,"8/18/2011 8:18:07","f",0,1,1313666287,"realizado em horario de aula",1321524000
"25762941",1,"9/26/2011 11:27:50",".........F.F",8.3,1,1317047270,"realizado em horario de aula",1321524000
"258DFC4B",1,"8/11/2011 23:45:02","fff",0,1,1313117102,"realizado em horario de aula",1321524000
"258DFC4B",4,"8/15/2011 11:58:54","**",7,1,1313420334,"realizado em horario de aula",1321524000
"258DFC4B",1,"10/24/2011 11:10:23","......",10,1,1319461823,"realizado em horario de aula",1321524000
"258DFC4B",1,"8/29/2011 11:59:32",".",10,1,1314629972,"realizado em horario de aula",1321524000
"26EA2FA",2,"9/16/2011 15:31:45","f.",5,2,1316197905,"realizado em horario de aula",1321524000
"26EA2FA",1,"9/16/2011 21:25:43",".....",10,2,1316219143,"realizado em horario de aula",1321524000
"2777E5EE",1,"8/21/2011 18:02:28",".",10,4,1313960548,"realizado em horario de aula",1322215200
"2777E5EE",2,"10/27/2011 17:10:48",".....",10,4,1319742648,"realizado em horario de aula",1322215200
"2777E5EE",2,"10/6/2011 13:33:47",".......",10,4,1317918827,"realizado em horario de aula",1322215200
"2777E5EE",3,"9/16/2011 20:03:35","....",10,4,1316214215,"realizado em horario de aula",1322215200
"2777E5EE",2,"9/2/2011 18:37:13",".",10,4,1314999433,"realizado em horario de aula",1322215200
"2777E5EE",2,"10/14/2011 1:13:46","..ff.",6,4,1318565626,"realizado em horario de aula",1322215200
"2777E5EE",4,"10/6/2011 9:26:17","VVV",0,4,1317903977,"realizado em horario de aula",1322215200
"2777E5EE",1,"9/27/2011 17:02:50","..........",10,4,1317153770,"realizado em horario de aula",1322215200
"2777E5EE",2,"9/16/2011 3:34:47","...f",7.5,4,1316154887,"realizado em horario de aula",1322215200
"2777E5EE",1,"8/21/2011 21:54:56",".",10,4,1313974496,"realizado em horario de aula",1322215200
"2777E5EE",1,"9/16/2011 14:38:38","SSS",0,4,1316194718,"realizado em horario de aula",1322215200
"281286BC",1,"9/9/2011 8:50:37","..",10,3,1315569037,"realizado em horario de aula",1322236800
"281286BC",2,"9/25/2011 21:07:28","...",10,3,1316995648,"realizado em horario de aula",1322236800
"281286BC",1,"10/6/2011 14:31:34","...",10,3,1317922294,"realizado em horario de aula",1322236800
"281286BC",1,"10/6/2011 14:25:53",".",10,3,1317921953,"realizado em horario de aula",1322236800
"281286BC",6,"9/2/2011 9:40:18","....",10,3,1314967218,"realizado em horario de aula",1322236800
"281286BC",3,"9/9/2011 19:22:13",".....",10,3,1315606933,"realizado em horario de aula",1322236800
"28E49A9D",1,"8/22/2011 0:22:28",".",10,1,1313983348,"realizado em horario de aula",1321524000
"28E49A9D",4,"9/1/2011 8:57:55",".",10,1,1314878275,"realizado em horario de aula",1321524000
"28E49A9D",1,"8/14/2011 20:02:34","fff",0,1,1313362954,"realizado em horario de aula",1321524000
"2B989949",3,"10/15/2011 12:11:37",".....",10,1,1318691497,"realizado em horario de aula",1321524000
"2B989949",1,"10/13/2011 9:21:39","fffff",0,1,1318508499,"realizado em horario de aula",1321524000
"2B989949",2,"10/15/2011 12:14:18","....",10,1,1318691658,"realizado em horario de aula",1321524000
"2B989949",2,"9/16/2011 11:49:24","......",10,1,1316184564,"realizado em horario de aula",1321524000
"2B989949",2,"10/15/2011 12:13:54","......",10,1,1318691634,"realizado em horario de aula",1321524000
"2B989949",3,"9/23/2011 17:35:59","..",10,1,1316810159,"realizado em horario de aula",1321524000
"2B989949",1,"10/27/2011 18:26:16","...",10,1,1319747176,"realizado em horario de aula",1321524000
"2B989949",1,"8/21/2011 1:29:33","f",0,1,1313900973,"realizado em horario de aula",1321524000
"2B989949",5,"9/6/2011 12:14:53",".",10,1,1315322093,"realizado em horario de aula",1321524000
"2B989949",2,"9/16/2011 11:59:25","...",10,1,1316185165,"realizado em horario de aula",1321524000
"2B989949",2,"10/12/2011 7:34:36",".f",5,1,1318415676,"realizado em horario de aula",1321524000
"2B989949",1,"10/12/2011 7:55:16",".......",10,1,1318416916,"realizado em horario de aula",1321524000
"2B989949",2,"8/19/2011 9:03:56","*",7,1,1313755436,"realizado em horario de aula",1321524000
"2B989949",2,"9/24/2011 15:58:23",".f.f",5,1,1316890703,"realizado em horario de aula",1321524000
"2B989949",1,"8/21/2011 1:19:03","fff",0,1,1313900343,"realizado em horario de aula",1321524000
"2B989949",2,"10/1/2011 21:29:22","...",10,1,1317515362,"realizado em horario de aula",1321524000
"32B00B44",3,"9/9/2011 11:55:09","ff",0,5,1315580109,"realizado em horario de aula",1322222400
"32B00B44",1,"8/17/2011 0:02:15","...",10,5,1313550135,"realizado em horario de aula",1322222400
"347D5E36",1,"8/27/2011 5:03:13",".",10,5,1314432193,"realizado em horario de aula",1322222400
"347D5E36",1,"9/20/2011 23:05:53",".",10,5,1316570753,"realizado em horario de aula",1322222400
"347D5E36",1,"9/21/2011 8:23:12","....",10,5,1316604192,"realizado em horario de aula",1322222400
"347D5E36",1,"10/25/2011 18:39:58","......",10,5,1319575198,"realizado em horario de aula",1322222400
"347D5E36",2,"9/28/2011 8:44:21","...",10,5,1317210261,"realizado em horario de aula",1322222400
"347D5E36",1,"10/17/2011 16:19:08","......",10,5,1318875548,"realizado em horario de aula",1322222400
"347D5E36",3,"8/30/2011 21:23:01","..",10,5,1314750181,"realizado em horario de aula",1322222400
"347D5E36",1,"9/30/2011 15:47:15","..........",10,5,1317408435,"realizado em horario de aula",1322222400
"37594F45",1,"8/22/2011 10:25:20",".",10,2,1314019520,"realizado em horario de aula",1321524000
"37594F45",2,"9/14/2011 21:52:35","f.",5,2,1316047955,"realizado em horario de aula",1321524000
"37594F45",2,"8/29/2011 13:18:27","ffff",0,2,1314634707,"realizado em horario de aula",1321524000
"3826E0DE",2,"8/19/2011 15:23:47",".",10,3,1313778227,"realizado em horario de aula",1322236800
"3826E0DE",1,"9/10/2011 0:04:27","...",10,3,1315623867,"realizado em horario de aula",1322236800
"390C0CCC",1,"10/18/2011 18:22:27","......",10,3,1318969347,"realizado em horario de aula",1322236800
"390C0CCC",2,"10/14/2011 9:56:11",".......",10,3,1318596971,"realizado em horario de aula",1322236800
"390C0CCC",3,"8/26/2011 10:01:24","....",10,3,1314363684,"realizado em horario de aula",1322236800
"3A1B84F4",2,"8/20/2011 13:23:22",".",10,3,1313857402,"realizado em horario de aula",1322236800
"3A1B84F4",1,"8/20/2011 12:00:05",".",10,3,1313852405,"realizado em horario de aula",1322236800
"3A1B84F4",2,"10/4/2011 15:31:20","...",10,3,1317753080,"realizado em horario de aula",1322236800
"3A1B84F4",1,"9/13/2011 11:09:44","...",10,3,1315922984,"realizado em horario de aula",1322236800
"3A1B84F4",2,"8/26/2011 9:18:17","...",10,3,1314361097,"realizado em horario de aula",1322236800
"3A1B84F4",1,"10/21/2011 8:45:47",".......",10,3,1319193947,"realizado em horario de aula",1322236800
"3A1B84F4",4,"8/30/2011 11:30:12","....",10,3,1314714612,"realizado em horario de aula",1322236800
"3A1B84F4",2,"8/26/2011 20:49:32",".",10,3,1314402572,"realizado em horario de aula",1322236800
"3A1B84F4",2,"8/26/2011 20:54:31","..",10,3,1314402871,"realizado em horario de aula",1322236800
"3A1B84F4",2,"9/19/2011 7:38:07","...",10,3,1316428687,"realizado em horario de aula",1322236800
"3A1B84F4",2,"9/16/2011 9:42:46","...",10,3,1316176966,"realizado em horario de aula",1322236800
"3A1B84F4",1,"9/16/2011 8:48:14","SSS",0,3,1316173694,"realizado em horario de aula",1322236800
"3A1B84F4",1,"10/27/2011 21:25:41",".",10,3,1319757941,"realizado em horario de aula",1322236800
"3A1B84F4",2,"9/16/2011 9:46:03","f...",7.5,3,1316177163,"realizado em horario de aula",1322236800
"3A1B84F4",1,"10/22/2011 13:06:56","......",10,3,1319296016,"realizado em horario de aula",1322236800
"3A1B84F4",1,"10/29/2011 11:28:25",".......",10,3,1319894905,"realizado em horario de aula",1322236800
"3A1B84F4",2,"11/1/2011 12:01:39",".....",10,3,1320156099,"realizado em horario de aula",1322236800
"3A1B84F4",3,"8/26/2011 19:22:28","...",10,3,1314397348,"realizado em horario de aula",1322236800
"3A1B84F4",1,"8/20/2011 14:32:59","NN",0,3,1313861579,"realizado em horario de aula",1322236800
"3A1B84F4",3,"11/21/2011 10:46:22",".....FFF..",7,3,1321879582,"realizado em horario de aula",1322236800
"3A1B84F4",1,"8/20/2011 11:47:33","f",0,3,1313851653,"realizado em horario de aula",1322236800
"3A1B84F4",1,"10/29/2011 11:30:58","......",10,3,1319895058,"realizado em horario de aula",1322236800
"3A1B84F4",2,"10/18/2011 7:56:06","....f",8,3,1318931766,"realizado em horario de aula",1322236800
"3A1B84F4",1,"9/13/2011 11:11:01",".....",10,3,1315923061,"realizado em horario de aula",1322236800
"3A1B84F4",1,"10/17/2011 7:47:17","....",10,3,1318844837,"realizado em horario de aula",1322236800
"3A1B84F4",1,"8/9/2011 20:51:57",".",10,3,1312933917,"realizado em horario de aula",1322236800
"3BC456D5",1,"8/19/2011 0:08:10","f",0,5,1313723290,"realizado em horario de aula",1322222400
"3BC456D5",1,"8/16/2011 13:59:24","S",0,5,1313513964,"realizado em horario de aula",1322222400
"3BC456D5",2,"9/21/2011 9:48:33","...",10,5,1316609313,"realizado em horario de aula",1322222400
"3BC456D5",1,"9/21/2011 9:06:26","....",10,5,1316606786,"realizado em horario de aula",1322222400
"3BC456D5",1,"8/16/2011 14:06:18","f",0,5,1313514378,"realizado em horario de aula",1322222400
"3BC456D5",1,"9/23/2011 10:18:46","...",10,5,1316783926,"realizado em horario de aula",1322222400
"3BC456D5",1,"9/11/2011 3:51:32","f.ff",2.5,5,1315723892,"realizado em horario de aula",1322222400
"3BC456D5",1,"8/18/2011 23:51:04",".",10,5,1313722264,"realizado em horario de aula",1322222400
"3BC456D5",4,"9/13/2011 0:12:08","YY",0,5,1315883528,"realizado em horario de aula",1322222400
"3BC456D5",1,"9/11/2011 3:59:18","V..",6.7,5,1315724358,"realizado em horario de aula",1322222400
"3BC456D5",1,"8/16/2011 14:03:30",".",10,5,1313514210,"realizado em horario de aula",1322222400
"3BC456D5",2,"8/31/2011 13:16:54",".",10,5,1314807414,"realizado em horario de aula",1322222400
"3BC456D5",1,"9/8/2011 3:16:43","f...",7.5,5,1315462603,"realizado em horario de aula",1322222400
"3BC456D5",2,"10/19/2011 9:00:15",".f.f",5,5,1319022015,"realizado em horario de aula",1322222400
"3BC456D5",1,"9/30/2011 11:36:03",".",10,5,1317393363,"realizado em horario de aula",1322222400
"3BC456D5",6,"11/11/2011 10:10:15",".....",10,5,1321013415,"realizado em horario de aula",1322222400
"3BC456D5",1,"11/18/2011 10:23:19","**",7,5,1321618999,"realizado em horario de aula",1322222400
"3BC456D5",1,"9/17/2011 11:43:45",".ff.",5,5,1316270625,"realizado em horario de aula",1322222400
"3BC456D5",1,"10/19/2011 9:22:20","...",10,5,1319023340,"realizado em horario de aula",1322222400
"4195063D",1,"10/18/2011 15:56:46","......",10,4,1318960606,"realizado em horario de aula",1322215200
"4195063D",1,"10/14/2011 16:16:42",".......",10,4,1318619802,"realizado em horario de aula",1322215200
"4482494C",2,"9/20/2011 21:46:12",".....",10,3,1316565972,"realizado em horario de aula",1322236800
"4482494C",1,"8/19/2011 0:53:29","...",10,3,1313726009,"realizado em horario de aula",1322236800
"4482494C",1,"8/26/2011 9:09:17","....",10,3,1314360557,"realizado em horario de aula",1322236800
"4482494C",1,"8/30/2011 10:28:34","....",10,3,1314710914,"realizado em horario de aula",1322236800
"44AF14C1",1,"9/13/2011 11:13:39","...f.",8,3,1315923219,"realizado em horario de aula",1322236800
"44AF14C1",1,"8/23/2011 21:55:39",".",10,3,1314147339,"realizado em horario de aula",1322236800
"44AF14C1",1,"10/7/2011 9:53:52","...........",10,3,1317992032,"realizado em horario de aula",1322236800
"44AF14C1",1,"10/5/2011 0:40:35",".....",10,3,1317786035,"realizado em horario de aula",1322236800
"44AF14C1",1,"8/11/2011 14:53:26","ffff",0,3,1313085206,"realizado em horario de aula",1322236800
"44D029E4",1,"8/16/2011 16:58:42","SS",0,4,1313524722,"realizado em horario de aula",1322215200
"44D029E4",3,"8/22/2011 22:56:48","SS",0,4,1314064608,"realizado em horario de aula",1322215200
"44D029E4",1,"9/27/2011 17:42:18","FFFFFF",0,4,1317156138,"realizado em horario de aula",1322215200
"44D029E4",4,"8/12/2011 20:52:50","S",0,4,1313193170,"realizado em horario de aula",1322215200
"44D029E4",2,"9/16/2011 15:43:44","f...",7.5,4,1316198624,"realizado em horario de aula",1322215200
"44D029E4",2,"8/26/2011 15:56:34","...",10,4,1314384994,"realizado em horario de aula",1322215200
"44D029E4",3,"9/2/2011 15:03:31","VVVV",0,4,1314986611,"realizado em horario de aula",1322215200
"44D029E4",3,"8/22/2011 22:55:46","SS",0,4,1314064546,"realizado em horario de aula",1322215200
"46484C5E",2,"11/15/2011 16:20:36","...*",9.2,3,1321381236,"realizado em horario de aula",1322236800
"46484C5E",1,"10/24/2011 22:57:04","....",10,3,1319504224,"realizado em horario de aula",1322236800
"46484C5E",3,"9/2/2011 8:31:15","...f",7.5,3,1314963075,"realizado em horario de aula",1322236800
"46484C5E",1,"11/4/2011 17:35:16","......",10,3,1320435316,"realizado em horario de aula",1322236800
"46484C5E",1,"9/12/2011 11:25:07","III",0,3,1315837507,"realizado em horario de aula",1322236800
"48295835",2,"8/31/2011 8:54:04","....",10,5,1314791644,"realizado em horario de aula",1322222400
"48295835",1,"11/18/2011 10:59:05","......",10,5,1321621145,"realizado em horario de aula",1322222400
"48295835",1,"8/16/2011 18:23:29","f",0,5,1313529809,"realizado em horario de aula",1322222400
"48295835",1,"9/9/2011 10:27:25",".....",10,5,1315574845,"realizado em horario de aula",1322222400
"492E11B4",1,"8/16/2011 10:52:17","ff",0,3,1313502737,"realizado em horario de aula",1322236800
"492E11B4",1,"9/16/2011 9:31:53","SSSS",0,3,1316176313,"realizado em horario de aula",1322236800
"4AD45AC5",1,"8/18/2011 18:45:48","f",0,3,1313703948,"realizado em horario de aula",1322236800
"4AD45AC5",1,"9/20/2011 10:37:45",".",10,3,1316525865,"realizado em horario de aula",1322236800
"4AD45AC5",1,"9/3/2011 10:42:49","..",10,3,1315057369,"realizado em horario de aula",1322236800
"4AD45AC5",2,"9/20/2011 11:20:15","....",10,3,1316528415,"realizado em horario de aula",1322236800
"4AD45AC5",1,"9/23/2011 18:09:59","...",10,3,1316812199,"realizado em horario de aula",1322236800
"4AD45AC5",2,"9/20/2011 11:01:02","..",10,3,1316527262,"realizado em horario de aula",1322236800
"4AD45AC5",1,"9/8/2011 13:34:24","...",10,3,1315499664,"realizado em horario de aula",1322236800
"4AD45AC5",1,"9/16/2011 9:14:36","....",10,3,1316175276,"realizado em horario de aula",1322236800
"4AD45AC5",1,"10/21/2011 9:31:03",".",10,3,1319196663,"realizado em horario de aula",1322236800
"4AD45AC5",1,"9/3/2011 10:32:59","..",10,3,1315056779,"realizado em horario de aula",1322236800
"4AD45AC5",1,"9/30/2011 8:33:35","FFFF",0,3,1317382415,"realizado em horario de aula",1322236800
"4AD45AC5",1,"8/26/2011 8:51:38","...",10,3,1314359498,"realizado em horario de aula",1322236800
"4AD45AC5",1,"9/17/2011 10:29:38","....",10,3,1316266178,"realizado em horario de aula",1322236800
"4AD45AC5",1,"10/18/2011 10:17:50",".......F",8.8,3,1318940270,"realizado em horario de aula",1322236800
"4AD45AC5",1,"9/13/2011 10:18:57","f..",6.7,3,1315919937,"realizado em horario de aula",1322236800
"4AD45AC5",1,"9/16/2011 9:49:07","...",10,3,1316177347,"realizado em horario de aula",1322236800
"4B929F6",2,"8/15/2011 22:42:23","fff",0,2,1313458943,"realizado em horario de aula",1321524000
"4B929F6",1,"9/17/2011 12:09:12","...",10,2,1316272152,"realizado em horario de aula",1321524000
"4C84103A",2,"10/31/2011 14:23:30","....",10,4,1320078210,"realizado em horario de aula",1322215200
"4C84103A",1,"11/4/2011 14:47:31","..f...",8.3,4,1320425251,"realizado em horario de aula",1322215200
"4C84103A",1,"9/9/2011 14:09:47","VVV",0,4,1315588187,"realizado em horario de aula",1322215200
"4C84103A",1,"10/19/2011 20:50:09","........",10,4,1319064609,"realizado em horario de aula",1322215200
"4C84103A",2,"8/21/2011 17:58:22","*",7,4,1313960302,"realizado em horario de aula",1322215200
"4C84103A",1,"9/16/2011 22:08:10","......",10,4,1316221690,"realizado em horario de aula",1322215200
"4C84103A",1,"8/21/2011 18:21:28",".",10,4,1313961688,"realizado em horario de aula",1322215200
"4C84103A",2,"9/20/2011 17:29:25",".f...",8,4,1316550565,"realizado em horario de aula",1322215200
"4C84103A",2,"10/25/2011 10:04:05",".....",10,4,1319544245,"realizado em horario de aula",1322215200
"4C84103A",2,"10/21/2011 15:03:50","....",10,4,1319216630,"realizado em horario de aula",1322215200
"4C84103A",1,"9/6/2011 17:27:01",".f..",7.5,4,1315340821,"realizado em horario de aula",1322215200
"4C84103A",1,"9/16/2011 21:01:02",".",10,4,1316217662,"realizado em horario de aula",1322215200
"4C84103A",2,"9/16/2011 22:06:32","...",10,4,1316221592,"realizado em horario de aula",1322215200
"4C84103A",1,"8/21/2011 18:17:18",".",10,4,1313961438,"realizado em horario de aula",1322215200
"4D98EE47",1,"9/8/2011 20:30:52","....",10,3,1315524652,"realizado em horario de aula",1322236800
"4D98EE47",1,"9/13/2011 10:23:01","........",10,3,1315920181,"realizado em horario de aula",1322236800
"4D98EE47",1,"9/30/2011 17:41:24",".",10,3,1317415284,"realizado em horario de aula",1322236800
"4D98EE47",1,"10/28/2011 8:51:43","SSSSS",0,3,1319799103,"realizado em horario de aula",1322236800
"51FE3830",2,"8/12/2011 15:57:05",".",10,4,1313175425,"realizado em horario de aula",1322215200
"52C319A1",1,"8/26/2011 14:50:28","Nfff",0,4,1314381028,"realizado em horario de aula",1322215200
"52C319A1",1,"9/11/2011 23:19:12","....f",8,4,1315793952,"realizado em horario de aula",1322215200
"52C319A1",1,"8/27/2011 17:47:59",".",10,4,1314478079,"realizado em horario de aula",1322215200
"52E571B8",1,"9/12/2011 11:05:40","......",10,2,1315836340,"realizado em horario de aula",1321524000
"55BA642E",3,"8/21/2011 23:04:38",".",10,2,1313978678,"realizado em horario de aula",1321524000
"55BA642E",1,"10/23/2011 9:26:36","........",10,2,1319369196,"realizado em horario de aula",1321524000
"562A867F",5,"9/21/2011 19:51:36","f",0,1,1316645496,"realizado em horario de aula",1321524000
"562A867F",2,"8/21/2011 15:08:57",".",10,1,1313950137,"realizado em horario de aula",1321524000
"562A867F",1,"9/16/2011 7:35:28",".......",10,1,1316169328,"realizado em horario de aula",1321524000
"5978A120",1,"10/4/2011 23:39:46",".......",10,1,1317782386,"realizado em horario de aula",1321524000
"5978A120",1,"8/18/2011 18:53:57",".",10,1,1313704437,"realizado em horario de aula",1321524000
"5978A120",1,"9/15/2011 9:20:56","SSS",0,1,1316089256,"realizado em horario de aula",1321524000
"5978A120",1,"9/8/2011 13:29:43","...",10,1,1315499383,"realizado em horario de aula",1321524000
"5978A120",1,"10/29/2011 10:43:26",".......",10,1,1319892206,"realizado em horario de aula",1321524000
"5978A120",1,"8/29/2011 10:35:39","...",10,1,1314624939,"realizado em horario de aula",1321524000
"5978A120",2,"8/20/2011 12:04:14","...",10,1,1313852654,"realizado em horario de aula",1321524000
"5978A120",1,"10/3/2011 20:01:32",".....FFF..",7,1,1317682892,"realizado em horario de aula",1321524000
"5B8F96B8",1,"9/27/2011 17:29:10","...",10,2,1317155350,"realizado em horario de aula",1321524000
"5B8F96B8",1,"9/8/2011 9:20:01","....",10,2,1315484401,"realizado em horario de aula",1321524000
"5D73E08B",1,"10/19/2011 8:29:20","........",10,5,1319020160,"realizado em horario de aula",1322222400
"5D73E08B",1,"9/1/2011 22:57:42","..",10,5,1314928662,"realizado em horario de aula",1322222400
"5DEBE97D",1,"9/16/2011 11:38:45","S",0,5,1316183925,"realizado em horario de aula",1322222400
"5DEBE97D",1,"9/27/2011 7:23:27","...",10,5,1317119007,"realizado em horario de aula",1322222400
"5DEBE97D",1,"8/10/2011 12:09:48","fff",0,5,1312988988,"realizado em horario de aula",1322222400
"5EA91E42",5,"8/29/2011 11:35:26","ff",0,1,1314628526,"realizado em horario de aula",1321524000
"5EA91E42",3,"8/25/2011 8:48:58",".",10,1,1314272938,"realizado em horario de aula",1321524000
"619B5433",1,"8/26/2011 11:37:33",".",10,5,1314369453,"realizado em horario de aula",1322222400
"619B5433",1,"11/11/2011 10:41:46",".....",10,5,1321015306,"realizado em horario de aula",1322222400
"63116A24",3,"8/18/2011 22:47:23","...",10,1,1313718443,"realizado em horario de aula",1321524000
"63116A24",1,"9/12/2011 10:39:33","...f",7.5,1,1315834773,"realizado em horario de aula",1321524000
"63116A24",2,"9/22/2011 20:22:56","...",10,1,1316733776,"realizado em horario de aula",1321524000
"63116A24",2,"10/20/2011 8:47:01","....",10,1,1319107621,"realizado em horario de aula",1321524000
"63116A24",1,"8/20/2011 17:21:32",".",10,1,1313871692,"realizado em horario de aula",1321524000
"64B26A18",1,"9/16/2011 15:51:49","....",10,3,1316199109,"realizado em horario de aula",1322236800
"64B26A18",1,"9/9/2011 9:50:54","ff.f.",4,3,1315572654,"realizado em horario de aula",1322236800
"673B031F",1,"8/25/2011 9:02:28","f",0,1,1314273748,"realizado em horario de aula",1321524000
"673B031F",3,"9/1/2011 8:22:29","E",0,1,1314876149,"realizado em horario de aula",1321524000
"673B031F",1,"9/12/2011 11:03:32","......",10,1,1315836212,"realizado em horario de aula",1321524000
"673B031F",1,"9/26/2011 11:46:12","F.F.....FFFF",5,1,1317048372,"realizado em horario de aula",1321524000
"673B031F",3,"9/1/2011 9:38:20","...",10,1,1314880700,"realizado em horario de aula",1321524000
"673B031F",1,"8/14/2011 21:17:04","ffff",0,1,1313367424,"realizado em horario de aula",1321524000
"673B031F",1,"9/9/2011 15:42:50","...",10,1,1315593770,"realizado em horario de aula",1321524000
"673B031F",1,"10/19/2011 22:35:15","........",10,1,1319070915,"realizado em horario de aula",1321524000
"673B031F",1,"10/7/2011 9:03:14",".F..",7.5,1,1317988994,"realizado em horario de aula",1321524000
"673B031F",1,"10/24/2011 11:00:46","......",10,1,1319461246,"realizado em horario de aula",1321524000
"673B031F",1,"8/18/2011 23:10:29","*",7,1,1313719829,"realizado em horario de aula",1321524000
"673B031F",1,"9/12/2011 13:46:28","...",10,1,1315845988,"realizado em horario de aula",1321524000
"673B031F",4,"9/1/2011 9:25:53","f",0,1,1314879953,"realizado em horario de aula",1321524000
"673B031F",1,"9/12/2011 11:04:35","...f",7.5,1,1315836275,"realizado em horario de aula",1321524000
"673B031F",1,"8/15/2011 22:05:24","**",7,1,1313456724,"realizado em horario de aula",1321524000
"673B031F",1,"11/17/2011 8:48:39","....FF..",7.5,1,1321526919,"realizado em horario de aula",1321524000
"67657F86",1,"9/13/2011 23:18:11","*.*",8,1,1315966691,"realizado em horario de aula",1321524000
"67657F86",3,"10/22/2011 23:15:36","........",10,1,1319332536,"realizado em horario de aula",1321524000
"67657F86",2,"8/28/2011 21:06:13","..",10,1,1314576373,"realizado em horario de aula",1321524000
"67657F86",2,"9/29/2011 1:40:56",".",10,1,1317271256,"realizado em horario de aula",1321524000
"67657F86",4,"8/29/2011 11:49:26","....",10,1,1314629366,"realizado em horario de aula",1321524000
"68151142",2,"9/14/2011 9:15:18","...",10,5,1316002518,"realizado em horario de aula",1322222400
"68151142",1,"9/9/2011 17:06:41","VVV",0,5,1315598801,"realizado em horario de aula",1322222400
"68151142",2,"8/26/2011 11:18:17","....",10,5,1314368297,"realizado em horario de aula",1322222400
"68151142",3,"9/27/2011 20:49:18",".....",10,5,1317167358,"realizado em horario de aula",1322222400
"6878BF80",1,"8/20/2011 12:31:07","f",0,1,1313854267,"realizado em horario de aula",1321524000
"6878BF80",1,"9/29/2011 8:19:15","FFF",0,1,1317295155,"realizado em horario de aula",1321524000
"6878BF80",1,"9/15/2011 9:55:06","fff",0,1,1316091306,"realizado em horario de aula",1321524000
"6878BF80",2,"9/16/2011 23:06:37",".....",10,1,1316225197,"realizado em horario de aula",1321524000
"6878BF80",1,"10/28/2011 10:22:30","....",10,1,1319804550,"realizado em horario de aula",1321524000
"6878BF80",3,"10/10/2011 16:03:45","...",10,1,1318273425,"realizado em horario de aula",1321524000
"6878BF80",1,"9/12/2011 10:58:32","VVVV",0,1,1315835912,"realizado em horario de aula",1321524000
"6878BF80",1,"9/10/2011 23:26:38","...",10,1,1315707998,"realizado em horario de aula",1321524000
"6878BF80",3,"9/19/2011 11:57:33","f",0,1,1316444253,"realizado em horario de aula",1321524000
"6878BF80",1,"9/10/2011 23:31:04","ff",0,1,1315708264,"realizado em horario de aula",1321524000
"68FA8B73",1,"10/27/2011 20:55:30","....",10,2,1319756130,"realizado em horario de aula",1321524000
"69DEEC46",1,"10/5/2011 15:36:27","...X.",8,5,1317839787,"realizado em horario de aula",1322222400
"69DEEC46",4,"10/26/2011 14:47:55",".....",10,5,1319647675,"realizado em horario de aula",1322222400
"69DEEC46",2,"10/29/2011 10:51:06","SyntaxError",0,5,1319892666,"realizado em horario de aula",1322222400
"69DEEC46",1,"9/21/2011 15:12:55",".",10,5,1316628775,"realizado em horario de aula",1322222400
"69DEEC46",3,"9/4/2011 9:42:12","f",0,5,1315140132,"realizado em horario de aula",1322222400
"69DEEC46",2,"10/26/2011 14:49:27","..........",10,5,1319647767,"realizado em horario de aula",1322222400
"69DEEC46",1,"9/14/2011 9:37:19",".",10,5,1316003839,"realizado em horario de aula",1322222400
"69DEEC46",2,"10/26/2011 11:06:06","......",10,5,1319634366,"realizado em horario de aula",1322222400
"69DEEC46",2,"11/3/2011 15:15:42","......",10,5,1320340542,"realizado em horario de aula",1322222400
"69DEEC46",1,"9/16/2011 11:07:34","....",10,5,1316182054,"realizado em horario de aula",1322222400
"69DEEC46",2,"9/8/2011 10:30:12","TT",0,5,1315488612,"realizado em horario de aula",1322222400
"69DEEC46",1,"11/11/2011 11:40:37","......",10,5,1321018837,"realizado em horario de aula",1322222400
"69DEEC46",3,"10/19/2011 15:03:02","..",10,5,1319043782,"realizado em horario de aula",1322222400
"69DEEC46",1,"10/17/2011 15:57:35","....",10,5,1318874255,"realizado em horario de aula",1322222400
"6A197CF",3,"8/19/2011 19:56:44","**",7,1,1313794604,"realizado em horario de aula",1321524000
"6A197CF",3,"8/27/2011 15:09:41",".",10,1,1314468581,"realizado em horario de aula",1321524000
"6A197CF",3,"8/19/2011 23:58:17",".",10,1,1313809097,"realizado em horario de aula",1321524000
"6A197CF",2,"9/8/2011 9:58:53","....",10,1,1315486733,"realizado em horario de aula",1321524000
"6A197CF",2,"8/20/2011 0:29:35","....",10,1,1313810975,"realizado em horario de aula",1321524000
"6BA5CF35",2,"8/19/2011 10:36:50","..",10,5,1313761010,"realizado em horario de aula",1322222400
"6BA5CF35",2,"8/19/2011 10:30:27","fff",0,5,1313760627,"realizado em horario de aula",1322222400
"6BA5CF35",1,"8/11/2011 19:02:40","fff",0,5,1313100160,"realizado em horario de aula",1322222400
"6BA5CF35",1,"9/27/2011 19:58:42","...",10,5,1317164322,"realizado em horario de aula",1322222400
"6BA5CF35",2,"8/29/2011 21:23:07","S",0,5,1314663787,"realizado em horario de aula",1322222400
"6BA5CF35",1,"8/23/2011 17:34:53","ff.",3.3,5,1314131693,"realizado em horario de aula",1322222400
"70F93A3B",2,"8/30/2011 14:19:21","...",10,5,1314724761,"realizado em horario de aula",1322222400
"70F93A3B",1,"8/15/2011 23:36:24","**",7,5,1313462184,"realizado em horario de aula",1322222400
"70F93A3B",1,"11/11/2011 18:20:36",".......",10,5,1321042836,"realizado em horario de aula",1322222400
"71F3C736",1,"9/12/2011 11:08:31","......",10,1,1315836511,"realizado em horario de aula",1321524000
"71F3C736",1,"10/19/2011 11:58:35","..............",10,1,1319032715,"realizado em horario de aula",1321524000
"71F3C736",1,"8/16/2011 11:18:01","**",7,1,1313504281,"realizado em horario de aula",1321524000
"71F3C736",1,"8/18/2011 23:19:58",".",10,1,1313720398,"realizado em horario de aula",1321524000
"7365085E",1,"9/29/2011 8:21:49","....",10,2,1317295309,"realizado em horario de aula",1321524000
"7365085E",2,"9/15/2011 1:40:46","ff.",3.3,2,1316061646,"realizado em horario de aula",1321524000
"7365085E",1,"8/18/2011 8:43:28","I",0,2,1313667808,"realizado em horario de aula",1321524000
"7365085E",1,"9/29/2011 8:20:26",".....",10,2,1317295226,"realizado em horario de aula",1321524000
"7365085E",2,"8/15/2011 11:14:51","f",0,2,1313417691,"realizado em horario de aula",1321524000
"7365085E",3,"9/3/2011 22:58:57","..",10,2,1315101537,"realizado em horario de aula",1321524000
"740BC298",1,"9/26/2011 14:23:31","..",10,4,1317057811,"realizado em horario de aula",1322215200
"740BC298",2,"10/15/2011 22:47:32","F.F...",6.7,4,1318729652,"realizado em horario de aula",1322215200
"740BC298",1,"8/17/2011 13:47:18","f",0,4,1313599638,"realizado em horario de aula",1322215200
"740BC298",1,"8/20/2011 11:30:25","..",10,4,1313850625,"realizado em horario de aula",1322215200
"740BC298",1,"10/19/2011 0:12:51",".....FF...",8,4,1318990371,"realizado em horario de aula",1322215200
"740BC298",1,"10/18/2011 21:24:16","........",10,4,1318980256,"realizado em horario de aula",1322215200
"740BC298",2,"11/22/2011 18:05:28","f*",3.5,4,1321992328,"realizado em horario de aula",1322215200
"740BC298",1,"11/18/2011 9:12:18","FFFEFFF",0,4,1321614738,"realizado em horario de aula",1322215200
"77A35CA",3,"9/18/2011 12:46:23","..",10,3,1316360783,"realizado em horario de aula",1322236800
"77A35CA",5,"8/21/2011 15:44:01",".fff",2.5,3,1313952241,"realizado em horario de aula",1322236800
"77A35CA",2,"8/15/2011 22:34:55","...",10,3,1313458495,"realizado em horario de aula",1322236800
"77A35CA",3,"8/15/2011 22:30:49","f",0,3,1313458249,"realizado em horario de aula",1322236800
"77A35CA",1,"9/8/2011 15:35:30",".EE",3.3,3,1315506930,"realizado em horario de aula",1322236800
"77A35CA",1,"8/14/2011 18:19:29","ffff",0,3,1313356769,"realizado em horario de aula",1322236800
"77A35CA",1,"8/14/2011 18:16:15","fff",0,3,1313356575,"realizado em horario de aula",1322236800
"77A35CA",1,"8/21/2011 16:00:58","...",10,3,1313953258,"realizado em horario de aula",1322236800
"792B1580",1,"8/14/2011 23:33:10","f",0,4,1313375590,"realizado em horario de aula",1322215200
"792B1580",1,"9/16/2011 17:45:54","**",7,4,1316205954,"realizado em horario de aula",1322215200
"792B1580",1,"11/18/2011 21:56:58","...",10,4,1321660618,"realizado em horario de aula",1322215200
"792B1580",1,"8/26/2011 15:10:50","fff",0,4,1314382250,"realizado em horario de aula",1322215200
"792B1580",1,"9/17/2011 11:31:43","fff",0,4,1316269903,"realizado em horario de aula",1322215200
"792B1580",3,"8/29/2011 11:34:18","fff",0,4,1314628458,"realizado em horario de aula",1322215200
"792B1580",1,"9/17/2011 10:54:28","........",10,4,1316267668,"realizado em horario de aula",1322215200
"792B1580",2,"9/16/2011 23:23:05","...",10,4,1316226185,"realizado em horario de aula",1322215200
"79CBE190",1,"9/30/2011 9:34:09","FFF",0,3,1317386049,"realizado em horario de aula",1322236800
"79CBE190",2,"9/5/2011 14:30:01","....",10,3,1315243801,"realizado em horario de aula",1322236800
"79D7BD5B",3,"9/21/2011 9:45:47","..",10,5,1316609147,"realizado em horario de aula",1322222400
"79D7BD5B",2,"9/2/2011 19:40:04","ffff",0,5,1315003204,"realizado em horario de aula",1322222400
"79D7BD5B",1,"11/4/2011 22:44:43","IndexError",0,5,1320453883,"realizado em horario de aula",1322222400
"79D7BD5B",1,"9/25/2011 11:18:54",".ff",3.3,5,1316960334,"realizado em horario de aula",1322222400
"79D7BD5B",1,"10/28/2011 17:01:16","..F...",8.3,5,1319828476,"realizado em horario de aula",1322222400
"79D7BD5B",2,"9/29/2011 21:54:01","....",10,5,1317344041,"realizado em horario de aula",1322222400
"79D7BD5B",1,"9/2/2011 18:52:19",".",10,5,1315000339,"realizado em horario de aula",1322222400
"79D7BD5B",1,"9/29/2011 19:09:32","...",10,5,1317334172,"realizado em horario de aula",1322222400
"79D7BD5B",1,"8/23/2011 20:39:40","**",7,5,1314142780,"realizado em horario de aula",1322222400
"7BF33A4A",2,"11/22/2011 10:50:49",".",10,3,1321966249,"realizado em horario de aula",1322236800
"7BF33A4A",1,"11/22/2011 10:42:56","f",0,3,1321965776,"realizado em horario de aula",1322236800
"7BF33A4A",2,"9/9/2011 9:06:07",".",10,3,1315569967,"realizado em horario de aula",1322236800
"7DCD514D",1,"10/2/2011 18:27:49","SSS",0,4,1317590869,"realizado em horario de aula",1322215200
"7DCD514D",1,"8/14/2011 18:19:33",".",10,4,1313356773,"realizado em horario de aula",1322215200
"ADBC154",2,"9/16/2011 14:52:29","fff",0,4,1316195549,"realizado em horario de aula",1322215200
"ADBC154",1,"9/27/2011 17:14:05",".....FF...",8,4,1317154445,"realizado em horario de aula",1322215200
"B30252C",3,"9/4/2011 12:34:44","..",10,5,1315150484,"realizado em horario de aula",1322222400
"B30252C",1,"9/4/2011 12:35:46",".",10,5,1315150546,"realizado em horario de aula",1322222400
"B30252C",2,"9/4/2011 12:29:59",".",10,5,1315150199,"realizado em horario de aula",1322222400
"B5D2F64",1,"9/16/2011 14:54:30","....",10,3,1316195670,"realizado em horario de aula",1322236800
"B5D2F64",1,"10/21/2011 9:06:14","....",10,3,1319195174,"realizado em horario de aula",1322236800
"B5D2F64",1,"8/27/2011 23:00:10",".",10,3,1314496810,"realizado em horario de aula",1322236800
"F952D04",1,"8/25/2011 12:51:48","ff.",3.3,2,1314287508,"realizado em horario de aula",1321524000
"F952D04",1,"9/9/2011 12:52:55","..",10,2,1315583575,"realizado em horario de aula",1321524000
